<?xml version="1.0" encoding="UTF-8"?>
<con:soapui-project id="7b8402b7-1467-4db2-999d-2a00f449bc65" activeEnvironment="Default" name="Project" resourceRoot="${projectDir}" soapui-version="5.4.0" abortOnError="false" runType="SEQUENTIAL" xmlns:con="http://eviware.com/soapui/config"><con:settings/><con:interface xsi:type="con:RestService" id="ca5bc2d5-c0fd-48c7-8488-0f3b63a81b71" wadlVersion="http://wadl.dev.java.net/2009/02" name="https://jsonplaceholder.typicode.com" type="rest" xmlns:xsi="http://www.w3.org/2001/XMLSchema-instance"><con:settings/><con:definitionCache type="TEXT" rootPart=""/><con:endpoints><con:endpoint>https://jsonplaceholder.typicode.com</con:endpoint></con:endpoints><con:resource name="" path="/posts" id="46af2759-7b5f-4143-99c7-2da517110287"><con:settings/><con:parameters><con:parameter><con:name>id</con:name><con:value/><con:style>QUERY</con:style><con:default/><con:description xsi:nil="true"/></con:parameter></con:parameters><con:method name="UserIDs" id="8744ef7b-6ec9-445a-a8f5-bba98fab3d24" method="GET"><con:settings/><con:parameters/><con:representation type="RESPONSE"><con:mediaType>application/json; charset=utf-8</con:mediaType><con:status>200</con:status><con:params/><con:element>Response</con:element></con:representation><con:request name="Request 1" id="18647e50-7da5-4cc5-be7c-369675d10f03" mediaType="application/json"><con:settings><con:setting id="com.eviware.soapui.impl.wsdl.WsdlRequest@request-headers">&lt;xml-fragment/></con:setting></con:settings><con:endpoint>https://jsonplaceholder.typicode.com</con:endpoint><con:request/><con:originalUri>https://jsonplaceholder.typicode.com/posts</con:originalUri><con:credentials><con:authType>No Authorization</con:authType></con:credentials><con:jmsConfig JMSDeliveryMode="PERSISTENT"/><con:jmsPropertyConfig/><con:parameters><entry key="id" value="4" xmlns="http://eviware.com/soapui/config"/></con:parameters><con:parameterOrder><con:entry>id</con:entry></con:parameterOrder></con:request></con:method></con:resource></con:interface><con:testSuite id="dcfb9148-a127-4f87-852a-6c8369a0d7bc" name="TestSuite"><con:settings/><con:runType>SEQUENTIAL</con:runType><con:testCase id="b09fb49e-622f-4db7-a3ea-30305168d820" failOnError="true" failTestCaseOnErrors="true" keepSession="false" maxResults="0" name="TestCase" searchProperties="true"><con:settings/><con:testStep type="restrequest" name="Typicode" id="1c214b0f-08d2-4754-8945-cf0c17ac31e0"><con:settings/><con:config service="https://jsonplaceholder.typicode.com" resourcePath="/posts" methodName="UserIDs" xsi:type="con:RestRequestStep" xmlns:xsi="http://www.w3.org/2001/XMLSchema-instance"><con:restRequest name="Typicode" id="ed71f7a7-b6e8-407d-afe8-8cdacc8f1594" mediaType="application/json"><con:settings><con:setting id="com.eviware.soapui.impl.wsdl.WsdlRequest@request-headers">&lt;xml-fragment/></con:setting></con:settings><con:endpoint>https://jsonplaceholder.typicode.com</con:endpoint><con:request/><con:originalUri>https://jsonplaceholder.typicode.com/posts</con:originalUri><con:assertion type="Simple Contains" id="2cd074c6-4b07-4faf-a818-614324a20e34" name="Contains"><con:configuration><token>Liatrio</token><ignoreCase>false</ignoreCase><useRegEx>false</useRegEx></con:configuration></con:assertion><con:assertion type="Valid HTTP Status Codes" id="02229fe6-1733-4243-8cb1-7233978e9a2c" name="Valid HTTP Status Codes"><con:configuration><codes>200</codes></con:configuration></con:assertion><con:credentials><con:authType>No Authorization</con:authType></con:credentials><con:jmsConfig JMSDeliveryMode="PERSISTENT"/><con:jmsPropertyConfig/><con:parameters><entry key="id" value="" xmlns="http://eviware.com/soapui/config"/></con:parameters><con:parameterOrder><con:entry>id</con:entry></con:parameterOrder></con:restRequest></con:config></con:testStep><con:properties/></con:testCase><con:properties/></con:testSuite><con:properties/><con:wssContainer/><con:oAuth2ProfileContainer/><con:oAuth1ProfileContainer/><con:sensitiveInformation/></con:soapui-project>